[
  {
    "id": "ART",
    "teachers": [
      34,
      35,
      36,
      37
    ]
  },
  {
    "id": "BIO",
    "teachers": [
      38,
      39,
      40,
      41
    ]
  },
  {
    "id": "BUE",
    "teachers": [
      61
    ]
  },
  {
    "id": "DUL",
    "teachers": [
      7,
      8,
      9,
      10,
      11,
      12
    ]
  },
  {
    "id": "ECO",
    "teachers": [
      30,
      31,
      32,
      33
    ]
  },
  {
    "id": "ENG",
    "teachers": [
      59
    ]
  },
  {
    "id": "ENL",
    "teachers": [
      0,
      1,
      2,
      3,
      4,
      5,
      6
    ]
  },
  {
    "id": "FRL",
    "teachers": [
      20,
      21,
      22,
      23
    ]
  },
  {
    "id": "GEO",
    "teachers": [
      24,
      25,
      26
    ]
  },
  {
    "id": "GEL",
    "teachers": [
      48,
      49
    ]
  },
  {
    "id": "GRK",
    "teachers": [
      29
    ]
  },
  {
    "id": "HIS",
    "teachers": [
      42,
      43,
      44
    ]
  },
  {
    "id": "LAT",
    "teachers": [
      27,
      28
    ]
  },
  {
    "id": "MAT",
    "teachers": [
      13,
      14
    ]
  },
  {
    "id": "MAA",
    "teachers": [
      15,
      16
    ]
  },
  {
    "id": "MAB",
    "teachers": [
      45,
      46,
      47
    ]
  },
  {
    "id": "MAD",
    "teachers": [
      52
    ]
  },
  {
    "id": "MUS",
    "teachers": [
      50,
      51
    ]
  },
  {
    "id": "PED",
    "teachers": [
      53,
      54,
      55,
      56
    ]
  },
  {
    "id": "PHY",
    "teachers": [
      17,
      18,
      19
    ]
  },
  {
    "id": "SCI",
    "teachers": [
      57,
      58
    ]
  },
  {
    "id": "SOC",
    "teachers": [
      60
    ]
  }
]