[
  {
    "id": 0,
    "code": "BeB",
    "name": "B. Becker",
    "scores": [
      [{"year":[3]}, 1],
      [{"year":[1]}, 0.6]
    ],
    "classrooms": [
      [{"id":["E078"]},0.5]
    ]
  },
  {
    "id": 1,
    "code": "GrD",
    "name": "D. Grant",
    "scores": [
      [{"year":1}, 1],
      [{"year":2}, 0.7]
    ]
  },
  {
    "id": 2,
    "code": "HaM",
    "name": "M. Haley",
    "scores": [
      [{"year":[2,3]}, 1],
      [{"year":[1]}, 0.6]
    ]
  },
  {
    "id": 3,
    "code": "CuM",
    "name": "Mr. G. Cummings",
    "classrooms": [
      [{"id":["E078"]}, 2]
    ]
  },
  {
    "id": 4,
    "code": "GeL",
    "name": "L.K. Gerlach",
    "requests": []
  },
  {
    "id": 5,
    "code": "KsC",
    "name": "C. Kshlerin",
    "requests": []
  },
  {
    "id": 6,
    "code": "BeM",
    "name": "Miss I. Bernhard",
    "requests": [
      {
        "type": "leave",
        "day": "mon",
        "isAllDay": false,
        "from": "9:00",
        "to": "17:00"
      },
      {
        "type": "leave",
        "day": "fri",
        "isAllDay": true
      },
      {
        "type": "leave",
        "day": "thu",
        "isAllDay": false,
        "from": "7:00",
        "to": "13:00"
      }
    ]
  },
  {
    "id": 7,
    "code": "PfB",
    "name": "B. Pfannerstill",
    "requests": []
  },
  {
    "id": 8,
    "code": "RiM",
    "name": "Ms. P. Rippin",
    "requests": [
      {
        "type": "leave",
        "day": "thu",
        "isAllDay": true
      },
      {
        "type": "unavailable",
        "day": "tue",
        "isAllDay": false,
        "from": "12:00",
        "to": "16:00"
      }
    ]
  },
  {
    "id": 9,
    "code": "JeD",
    "name": "D.M. Jerde",
    "requests": []
  },
  {
    "id": 10,
    "code": "WoS",
    "name": "S. Wolf",
    "requests": []
  },
  {
    "id": 11,
    "code": "GoB",
    "name": "B. Gorczany",
    "requests": [
      {
        "type": "unavailable",
        "day": "tue",
        "isAllDay": true
      },
      {
        "type": "unavailable",
        "day": "wed",
        "isAllDay": true
      },
      {
        "type": "unavailable",
        "day": "fri",
        "isAllDay": true
      }
    ]
  },
  {
    "id": 12,
    "code": "JaJ",
    "name": "J. Jast",
    "requests": [
      {
        "type": "unavailable",
        "day": "fri",
        "isAllDay": true
      }
    ]
  },
  {
    "id": 13,
    "code": "RuD",
    "name": "Dr. K.O. Runte",
    "requests": [
      {
        "type": "unavailable",
        "day": "wed",
        "isAllDay": false,
        "from": "7:00",
        "to": "10:00"
      },
      {
        "type": "leave",
        "day": "tue",
        "isAllDay": true
      },
      {
        "type": "leave",
        "day": "fri",
        "isAllDay": false,
        "from": "7:00",
        "to": "13:00"
      }
    ]
  },
  {
    "id": 14,
    "code": "RiM",
    "name": "Miss K. Rice",
    "requests": [
      {
        "type": "leave",
        "day": "thu",
        "isAllDay": true
      }
    ]
  },
  {
    "id": 15,
    "code": "VeJ",
    "name": "J. Veum",
    "requests": []
  },
  {
    "id": 16,
    "code": "ScB",
    "name": "B. Schowalter",
    "requests": []
  },
  {
    "id": 17,
    "code": "CoF",
    "name": "F. Conroy",
    "requests": []
  },
  {
    "id": 18,
    "code": "CrT",
    "name": "T. Cremin",
    "requests": [
      {
        "type": "unavailable",
        "day": "mon",
        "isAllDay": true
      }
    ]
  },
  {
    "id": 19,
    "code": "SpM",
    "name": "Mr. M. Spencer",
    "requests": [
      {
        "type": "leave",
        "day": "thu",
        "isAllDay": true
      }
    ]
  },
  {
    "id": 20,
    "code": "OrC",
    "name": "C.S. Orn",
    "requests": [
      {
        "type": "unavailable",
        "day": "mon",
        "isAllDay": false,
        "from": "10:00",
        "to": "17:00"
      }
    ],
    "scores": [
      [{"year":[1,2,3]}, 1],
      [{"year":[4,5,6]}, 0]
    ]
  },
  {
    "id": 21,
    "code": "BoV",
    "name": "V. Bode",
    "requests": [],
    "scores": [
      [{"year":[4,5,6]}, 1],
      [{"year":[1,2,3]}, 0]
    ]
  },
  {
    "id": 22,
    "code": "HaB",
    "name": "B.J. Hansen",
    "requests": []
  },
  {
    "id": 23,
    "code": "VaM",
    "name": "M.J. Vandervort",
    "requests": [
      {
        "type": "leave",
        "day": "wed",
        "isAllDay": false,
        "from": "10:00",
        "to": "15:00"
      },
      {
        "type": "leave",
        "day": "thu",
        "isAllDay": false,
        "from": "11:00",
        "to": "16:00"
      }
    ]
  },
  {
    "id": 24,
    "code": "ChM",
    "name": "Mr. D. Christiansen",
    "requests": [
      {
        "type": "leave",
        "day": "mon",
        "isAllDay": false,
        "from": "7:00",
        "to": "16:00"
      }
    ]
  },
  {
    "id": 25,
    "code": "HaL",
    "name": "L. Haley",
    "requests": []
  },
  {
    "id": 26,
    "code": "SiM",
    "name": "Miss M.J. Simonis",
    "requests": []
  },
  {
    "id": 27,
    "code": "KiM",
    "name": "Ms. J. Kihn",
    "requests": [
      {
        "type": "unavailable",
        "day": "tue",
        "isAllDay": true
      },
      {
        "type": "unavailable",
        "day": "wed",
        "isAllDay": false,
        "from": "8:00",
        "to": "15:00"
      }
    ]
  },
  {
    "id": 28,
    "code": "KiA",
    "name": "A.B. Kilback",
    "requests": []
  },
  {
    "id": 29,
    "code": "LaD",
    "name": "Dr. D. Labadie",
    "requests": []
  },
  {
    "id": 30,
    "code": "BeM",
    "name": "Ms. K.N. Berge",
    "requests": [
      {
        "type": "unavailable",
        "day": "tue",
        "isAllDay": false,
        "from": "7:00",
        "to": "13:00"
      },
      {
        "type": "unavailable",
        "day": "thu",
        "isAllDay": true
      }
    ]
  },
  {
    "id": 31,
    "code": "WiD",
    "name": "D.R. Wilkinson",
    "requests": [
      {
        "type": "leave",
        "day": "tue",
        "isAllDay": false,
        "from": "10:00",
        "to": "17:00"
      },
      {
        "type": "leave",
        "day": "wed",
        "isAllDay": true
      }
    ]
  },
  {
    "id": 32,
    "code": "GrA",
    "name": "A. Grimes",
    "requests": []
  },
  {
    "id": 33,
    "code": "AdE",
    "name": "E.C.M. Adams",
    "requests": []
  },
  {
    "id": 34,
    "code": "MoP",
    "name": "P. Morar",
    "requests": [
      {
        "type": "leave",
        "day": "wed",
        "isAllDay": false,
        "from": "7:00",
        "to": "13:00"
      }
    ]
  },
  {
    "id": 35,
    "code": "WaW",
    "name": "W. Walker",
    "requests": [
      {
        "type": "unavailable",
        "day": "thu",
        "isAllDay": true
      }
    ]
  },
  {
    "id": 36,
    "code": "HoI",
    "name": "I. Homenick",
    "requests": [
      {
        "type": "unavailable",
        "day": "tue",
        "isAllDay": true
      }
    ]
  },
  {
    "id": 37,
    "code": "ReM",
    "name": "Ms. J. Reinger",
    "requests": [
      {
        "type": "unavailable",
        "day": "thu",
        "isAllDay": true
      }
    ]
  },
  {
    "id": 38,
    "code": "WaD",
    "name": "Dr. G.E. Walter",
    "requests": []
  },
  {
    "id": 39,
    "code": "BoC",
    "name": "C.A. Bode",
    "requests": []
  },
  {
    "id": 40,
    "code": "DiL",
    "name": "L.R. Dietrich",
    "requests": [
      {
        "type": "unavailable",
        "day": "fri",
        "isAllDay": false,
        "from": "11:00",
        "to": "16:00"
      }
    ]
  },
  {
    "id": 41,
    "code": "GoM",
    "name": "Miss N. Goyette",
    "requests": [
      {
        "type": "unavailable",
        "day": "mon",
        "isAllDay": false,
        "from": "9:00",
        "to": "16:00"
      }
    ]
  },
  {
    "id": 42,
    "code": "BaM",
    "name": "Miss R. Bahringer",
    "requests": []
  },
  {
    "id": 43,
    "code": "EmS",
    "name": "S. Emmerich",
    "requests": []
  },
  {
    "id": 44,
    "code": "KeT",
    "name": "T. Kerluke",
    "requests": [
      {
        "type": "unavailable",
        "day": "thu",
        "isAllDay": true
      }
    ]
  },
  {
    "id": 45,
    "code": "KeM",
    "name": "Ms. S. Kertzmann",
    "requests": [
      {
        "type": "unavailable",
        "day": "fri",
        "isAllDay": true
      },
      {
        "type": "unavailable",
        "day": "thu",
        "isAllDay": true
      },
      {
        "type": "leave",
        "day": "wed",
        "isAllDay": false,
        "from": "8:00",
        "to": "15:00"
      }
    ]
  },
  {
    "id": 46,
    "code": "NiH",
    "name": "H. Nikolaus",
    "requests": []
  },
  {
    "id": 47,
    "code": "RaS",
    "name": "S. Ratke",
    "requests": [
      {
        "type": "unavailable",
        "day": "tue",
        "isAllDay": false,
        "from": "8:00",
        "to": "13:00"
      },
      {
        "type": "leave",
        "day": "fri",
        "isAllDay": false,
        "from": "9:00",
        "to": "16:00"
      }
    ]
  },
  {
    "id": 48,
    "code": "HoA",
    "name": "A. Homenick",
    "requests": []
  },
  {
    "id": 49,
    "code": "LaV",
    "name": "V. Larson",
    "requests": [
      {
        "type": "unavailable",
        "day": "fri",
        "isAllDay": true
      }
    ]
  },
  {
    "id": 50,
    "code": "PaD",
    "name": "Dr. D. Pagac",
    "requests": [
      {
        "type": "leave",
        "day": "mon",
        "isAllDay": true
      }
    ]
  },
  {
    "id": 51,
    "code": "CoJ",
    "name": "J. Cormier",
    "requests": []
  },
  {
    "id": 52,
    "code": "KlE",
    "name": "E. Kling",
    "requests": [],
    "scores": [
      [{"year":[4,5,6]}, 1],
      [{"year":[1,2,3]}, 0]
    ]
  },
  {
    "id": 53,
    "code": "RoM",
    "name": "Miss A.J. Robel",
    "requests": [
      {
        "type": "unavailable",
        "day": "thu",
        "isAllDay": false,
        "from": "12:00",
        "to": "16:00"
      }
    ]
  },
  {
    "id": 54,
    "code": "BlB",
    "name": "B. Blanda",
    "requests": [
      {
        "type": "unavailable",
        "day": "fri",
        "isAllDay": false,
        "from": "9:00",
        "to": "12:00"
      },
      {
        "type": "unavailable",
        "day": "thu",
        "isAllDay": false,
        "from": "10:00",
        "to": "15:00"
      }
    ]
  },
  {
    "id": 55,
    "code": "ArD",
    "name": "D. Armstrong",
    "requests": [
      {
        "type": "unavailable",
        "day": "fri",
        "isAllDay": false,
        "from": "7:00",
        "to": "16:00"
      }
    ]
  },
  {
    "id": 56,
    "code": "CrA",
    "name": "A. Cremin",
    "requests": [
      {
        "type": "leave",
        "day": "fri",
        "isAllDay": false,
        "from": "11:00",
        "to": "16:00"
      },
      {
        "type": "leave",
        "day": "mon",
        "isAllDay": false,
        "from": "11:00",
        "to": "17:00"
      },
      {
        "type": "leave",
        "day": "thu",
        "isAllDay": true
      }
    ]
  },
  {
    "id": 57,
    "code": "BrM",
    "name": "Mr. S. Brown",
    "requests": []
  },
  {
    "id": 58,
    "code": "CoD",
    "name": "Dr. J. Collier",
    "requests": []
  },
  {
    "id": 59,
    "code": "YuA",
    "name": "A. Yundt",
    "requests": []
  },
  {
    "id": 60,
    "code": "GrA",
    "name": "A. Greenfelder",
    "requests": [
      {
        "type": "leave",
        "day": "mon",
        "isAllDay": false,
        "from": "8:00",
        "to": "13:00"
      }
    ],
    "scores": [
      [{"year":[1,2,3]}, 1],
      [{"year":[4,5,6]}, 0]
    ]
  }
]