[
  {
    "id": "DS01"
  },
  {
    "id": "DS02"
  },
  {
    "id": "DS03"
  },
  {
    "id": "E040"
  },
  {
    "id": "E041"
  },
  {
    "id": "E042"
  },
  {
    "id": "E043"
  },
  {
    "id": "E044"
  },
  {
    "id": "E045"
  },
  {
    "id": "E052"
  },
  {
    "id": "E055"
  },
  {
    "id": "E060"
  },
  {
    "id": "E061"
  },
  {
    "id": "E062"
  },
  {
    "id": "E070"
  },
  {
    "id": "E071"
  },
  {
    "id": "E072"
  },
  {
    "id": "E073"
  },
  {
    "id": "E074"
  },
  {
    "id": "E075"
  },
  {
    "id": "E076"
  },
  {
    "id": "E077"
  },
  {
    "id": "E080"
  },
  {
    "id": "EHKQ"
  },
  {
    "id": "F001"
  },
  {
    "id": "F002"
  },
  {
    "id": "F003"
  },
  {
    "id": "F004"
  },
  {
    "id": "F005"
  },
  {
    "id": "F006"
  },
  {
    "id": "F007"
  },
  {
    "id": "F008"
  },
  {
    "id": "F009"
  },
  {
    "id": "F010"
  },
  {
    "id": "F011"
  },
  {
    "id": "F012"
  },
  {
    "id": "F013"
  },
  {
    "id": "F014"
  },
  {
    "id": "F016"
  },
  {
    "id": "F017"
  },
  {
    "id": "F020"
  },
  {
    "id": "F022"
  },
  {
    "id": "FGRZ"
  },
  {
    "id": "FKLZ"
  },
  {
    "id": "TP01"
  }
]