[
  {
    "id": "DS01",
    "fitness": [
      [{"subjects":["PED"]}, 1]
    ]
  },
  {
    "id": "DS02",
    "fitness": [
      [{"subjects":["PED"]}, 1]
    ]
  },
  {
    "id": "DS03",
    "fitness": [
      [{"subjects":["PED"]}, 1]
    ]
  },
  {
    "id": "E040",
    "fitness": [
      [{"subjects":["LAT"]}, 1]
    ]
  },
  {
    "id": "E041",
    "fitness": [
      [{"subjects":"*","year":[1,2,3]}, 0.7],
      [{"subjects":"*","year":[4,5,6]}, 0.1]
    ]
  },
  {
    "id": "E042",
    "fitness": [
      [{"subjects":"*","year":[1,2,3]}, 0.7],
      [{"subjects":"*","year":[4,5,6]}, 0.1]
    ]
  },
  {
    "id": "E043",
    "fitness": [
      [{"subjects":["SOC"],"year":[1,2,3]}, 1]
    ]
  },
  {
    "id": "E044",
    "fitness": [
      [{"subjects":["ENL"],"year":[1,2,3]}, 1]
    ]
  },
  {
    "id": "E045",
    "fitness": [
      [{"subjects":["MAT"],"year":[1,2,3]}, 1]
    ]
  },
  {
    "id": "E052",
    "fitness": [
      [{"subjects":["ENG"]}, 1]
    ]
  },
  {
    "id": "E060",
    "fitness": [
      [{"subjects":["MUS"]}, 1]
    ]
  },
  {
    "id": "E061",
    "fitness": [
      [{"subjects":["ART"]}, 1]
    ]
  },
  {
    "id": "E062",
    "fitness": [
      [{"subjects":["ART"]}, 1]
    ]
  },
  {
    "id": "E073",
    "fitness": [
      [{"subjects":["GEL"],"year":[1,2,3]}, 1]
    ]
  },
  {
    "id": "E074",
    "fitness": [
      [{"subjects":["DUL"],"year":[1,2,3]}, 1]
    ]
  }
]