[
    {
    "id": 1,
    "name": "1_HAVO",
    "level": "HAVO",
    "year": 1,
    "subjects": [
      "BIO",
      "DUL",
      "ENG",
      "ENL",
      "FRL",
      "GEO",
      "HIS",
      "MAT",
      "PED",
      "SOC"
    ]
  },
  {
    "id": 3,
    "name": "1_VWO",
    "level": "VWO",
    "year": 1,
    "subjects": [
      "BIO",
      "DUL",
      "ENG",
      "ENL",
      "FRL",
      "GEO",
      "HIS",
      "MAT",
      "PED",
      "SOC"
    ]
  },
  {
    "id": 10,
    "name": "2_HAVO",
    "level": "HAVO",
    "year": 2,
    "subjects": [
      "BIO",
      "DUL",
      "ENG",
      "ENL",
      "FRL",
      "GEO",
      "GEL",
      "HIS",
      "MAT",
      "PED",
      "PHY",
      "SOC"
    ]
  },
  {
    "id": 15,
    "name": "2_VWO",
    "level": "VWO",
    "year": 2,
    "subjects": [
      "BIO",
      "DUL",
      "ENG",
      "ENL",
      "FRL",
      "GEO",
      "GEL",
      "HIS",
      "MAT",
      "PED",
      "PHY",
      "SOC"
    ]
  },
  {
    "id": 2,
    "name": "3_HAVO",
    "level": "HAVO",
    "year": 3,
    "subjects": [
      "DUL",
      "ECO",
      "ENL",
      "FRL",
      "GEO",
      "GEL",
      "HIS",
      "MAT",
      "PED",
      "PHY",
      "CHE",
      "SOC"
    ]
  },
  {
    "id": 8,
    "name": "3_VWO",
    "level": "VWO",
    "year": 3,
    "subjects": [
      "DUL",
      "ECO",
      "ENL",
      "FRL",
      "GEO",
      "GEL",
      "HIS",
      "MAT",
      "PED",
      "PHY",
      "CHE",
      "SOC"
    ]
  }
]