[
    {
    "id": "1h",
    "name": "1_HAVO",
    "level": "HAVO",
    "year": 1,
    "subjects": [
      "BIO",
      "DUL",
      "ENG",
      "ENL",
      "FRL",
      "GEO",
      "HIS",
      "MAT",
      "GYM",
      "SOC"
    ]
  },
  {
    "id": "1v",
    "name": "1_VWO",
    "level": "VWO",
    "year": 1,
    "subjects": [
      "BIO",
      "DUL",
      "ENG",
      "ENL",
      "FRL",
      "GEO",
      "HIS",
      "MAT",
      "GYM",
      "SOC"
    ]
  },
  {
    "id": "2h",
    "name": "2_HAVO",
    "level": "HAVO",
    "year": 2,
    "subjects": [
      "BIO",
      "DUL",
      "ENG",
      "ENL",
      "FRL",
      "GEO",
      "GEL",
      "HIS",
      "MAT",
      "GYM",
      "PHY",
      "SOC"
    ]
  },
  {
    "id": "2v",
    "name": "2_VWO",
    "level": "VWO",
    "year": 2,
    "subjects": [
      "BIO",
      "DUL",
      "ENG",
      "ENL",
      "FRL",
      "GEO",
      "GEL",
      "HIS",
      "MAT",
      "GYM",
      "PHY",
      "SOC"
    ]
  },
  {
    "id": "3h",
    "name": "3_HAVO",
    "level": "HAVO",
    "year": 3,
    "subjects": [
      "DUL",
      "ECO",
      "ENL",
      "FRL",
      "GEO",
      "GEL",
      "HIS",
      "MAT",
      "GYM",
      "PHY",
      "CHE",
      "SOC"
    ]
  },
  {
    "id": "3v",
    "name": "3_VWO",
    "level": "VWO",
    "year": 3,
    "subjects": [
      "DUL",
      "ECO",
      "ENL",
      "FRL",
      "GEO",
      "GEL",
      "HIS",
      "MAT",
      "GYM",
      "PHY",
      "CHE",
      "SOC"
    ]
  }
]