[
  {
    "id": "ART",
    "teachers": [
      34,
      35,
      36
    ],
    "periods": 1,
    "periodSpan": 2
  },
  {
    "id": "BIO",
    "teachers": [
      38,
      39,
      40
    ],
    "periods": [
      [{"year": [1,2]}, 2]
    ]
  },
  {
    "id": "DUL",
    "teachers": [
      7,
      8,
      9
    ],
    "periods": [
      [{"year": "*"}, 3]
    ],
    "tags": ["CORE"]
  },
  {
    "id": "ECO",
    "teachers": [
      30
    ],
    "periods": [
      [{"year": 3}, 2]
    ]
  },
  {
    "id": "ENG",
    "teachers": [
      59
    ],
    "periods": [
      [{"year": [1,2]}, 1]
    ],
    "periodSpan": 2
  },
  {
    "id": "ENL",
    "teachers": [
      0,
      1,
      2
    ],
    "periods": [
      [{"year": [1,2,3]}, 3]
    ],
    "tags": ["CORE"]
  },
  {
    "id": "FRL",
    "teachers": [
      20,
      21
    ],
    "periods": [
      [{"year": [1,2,3]}, 3]
    ]
  },
  {
    "id": "GEO",
    "teachers": [
      24,
      25
    ],
    "periods": [
      [{"year": [1,3]}, 2],
      [{"year": 2}, 3]
    ]
  },
  {
    "id": "GEL",
    "teachers": [
      48,
      49
    ],
    "periods": [
      [{"year": 2}, 2],
      [{"year": 3}, 3]
    ]
  },
  {
    "id": "GRK",
    "teachers": [
      29
    ]
  },
  {
    "id": "HIS",
    "teachers": [
      42,
      43
    ],
    "periods": [
      [{"year": [1,2,3]}, 2]
    ]
  },
  {
    "id": "LAT",
    "teachers": [
      27,
      28
    ]
  },
  {
    "id": "MAT",
    "teachers": [
      13,
      14
    ],
    "periods": [
      [{"year": 1}, 3],
      [{"year": [2,3]}, 4]
    ],
    "tags": ["CORE"]
  },
  {
    "id": "MUS",
    "teachers": [
      50,
      51
    ],
    "periods": [
      [{"year":[1,2,3]}, 1]
    ],
    "periodSpan": 2
  },
  {
    "id": "PED",
    "teachers": [
      53,
      54,
      55,
      56
    ],
    "periods": [
      [{"year":[1,2,3]}, 1]
    ],
    "periodSpan": 2
  },
  {
    "id": "PHY",
    "teachers": [
      17,
      18
    ],
    "periods": [
      [{"year":[1,2,3]}, 2]
    ]
  },
  {
    "id": "CHE",
    "teachers": [
      57,
      58
    ],
    "periods": [
      [{"year":3}, 2]
    ]
  },
  {
    "id": "SOC",
    "teachers": [
      60
    ],
    "periods": [
      [{"year":[1,2,3]}, 2]
    ]
  }
]